Title,2024-12-01 12:30:00
0,,1,,2,,4,,5,,7,,19
s,µA,s,µA,V,µA,V,µA,V,µA,V,µA,V,µA
0,-0.009219442,0,-0.18054314,-0.399962425,0.014054589,-0.399962425,0.014990625,0.600041389,-0.004732389,0.600041389,-0.004472036,0.600041389,-0.005594511
0.150000006,-0.003640427,0.050000001,-0.332762241,-0.389962196,0.013867192,-0.389962196,0.014892873,0.590041161,-0.00470664,0.590041161,-0.004447241,0.590041161,-0.005561132
0.300000012,0.002313862,0.100000001,-0.338579655,-0.379961967,0.013669781,-0.379961967,0.014737901,0.580040932,-0.004663725,0.580040932,-0.004414816,0.580040932,-0.005511065
0.450000018,-0.000833755,0.150000006,-0.341583729,-0.369962692,0.01348763,-0.369962692,0.01456767,0.570041656,-0.004647036,0.570041656,-0.00437428,0.570041656,-0.005477209
0.600000024,-0.000777965,0.200000003,-0.36957407,-0.359962463,0.013327412,-0.359962463,0.014412698,0.560041428,-0.004631777,0.560041428,-0.004377623,0.560041428,-0.005468149
0.75,-0.000735526,0.25,-0.374294758,-0.349962234,0.013148598,-0.349962234,0.014274888,0.550041199,-0.004657526,0.550041199,-0.00437428,0.550041199,-0.00548913
0.900000036,-0.000698333,0.300000012,-0.375772953,-0.340040207,0.012956428,-0.340040207,0.014116101,0.54004097,-0.004663248,0.54004097,-0.004411478,0.54004097,-0.005470057
1.050000072,-0.000665431,0.349999994,-0.379492283,-0.330039978,0.012764263,-0.330039978,0.013961606,0.530040741,-0.004674692,0.530040741,-0.004445333,0.530040741,-0.005498667
1.200000048,-0.00063396,0.400000006,-0.379349232,-0.320040703,0.012606907,-0.320040703,0.013809495,0.520041466,-0.004697104,0.520041466,-0.00444438,0.520041466,-0.005514402
1.350000024,-0.000603437,0.450000018,-0.386406422,-0.310040474,0.012412357,-0.310040474,0.013630204,0.510041237,-0.004691858,0.510041237,-0.004452963,0.510041237,-0.005538721
1.5,-0.000575304,0.5,-0.937441349,-0.300040245,0.012234974,-0.300040245,0.01346951,0.500041008,-0.004675169,0.500041008,-0.004459996,0.500041008,-0.005540628
1.650000095,-0.000540972,0.550000012,-1.442557335,-0.290040016,0.012023735,-0.290040016,0.013276868,0.490040779,-0.004711409,0.490040779,-0.004470606,0.490040779,-0.005568762
1.800000072,-0.000509501,0.600000024,-0.587847114,-0.280039787,0.011852546,-0.280039787,0.013095665,0.480118752,-0.00474288,0.480118752,-0.004472036,0.480118752,-0.005587835
1.950000048,-0.000482321,0.650000036,0.011920929,-0.270040512,0.011667533,-0.270040512,0.012917805,0.470119476,-0.004749079,0.470119476,-0.004488726,0.470119476,-0.005612154
2.100000143,-0.000461817,0.699999988,0.016689301,-0.260040283,0.01149301,-0.260040283,0.012718487,0.460119247,-0.004769583,0.460119247,-0.00452878,0.460119247,-0.005632663
2.25,-0.000437975,0.75,0.016689301,-0.250040054,0.011317058,-0.250040054,0.01253109,0.450119019,-0.004773397,0.450119019,-0.00453784,0.450119019,-0.00566175
2.400000095,-0.000477552,0.800000012,0.016689301,-0.240039825,0.011137767,-0.240039825,0.012342739,0.44011879,-0.004836817,0.44011879,-0.004547853,0.44011879,-0.005692267
2.550000191,-0.000487566,0.850000024,0.016689301,-0.230039597,0.010954184,-0.230039597,0.012153435,0.430118561,-0.00483634,0.430118561,-0.004589815,0.430118561,-0.00572803
2.700000048,-0.000448942,0.900000036,-0.000238419,-0.220040321,0.01076488,-0.220040321,0.011952209,0.420119286,-0.004851599,0.420119286,-0.004612227,0.420119286,-0.005709433
2.850000143,-3.39E-05,0.949999988,-0.000238419,-0.210040092,0.010586538,-0.210040092,0.011775775,0.410119057,-0.004862566,0.410119057,-0.004622717,0.410119057,-0.005754256
3,0.000401258,1,-0.000238419,-0.200118065,0.010419169,-0.200118065,0.011597915,0.400118828,-0.004871149,0.400118828,-0.00464036,0.400118828,-0.005771422
3.150000095,0.000399828,1.050000072,0.000238419,-0.190117836,0.010249891,-0.190117836,0.011421008,0.390118599,-0.00488307,0.390118599,-0.004655142,0.390118599,-0.005809092
3.300000191,-0.00489964,1.100000024,0.000238419,-0.180117607,0.010082521,-0.180117607,0.011237903,0.38011837,-0.00490119,0.38011837,-0.004671354,0.38011837,-0.005830073
3.450000048,-0.009786406,1.149999976,-0.001072884,-0.170117378,0.009921351,-0.170117378,0.01103477,0.370119095,-0.004951735,0.370119095,-0.004695196,0.370119095,-0.005862021
3.600000143,-0.010613241,1.200000048,-0.00140667,-0.160118103,0.009756365,-0.160118103,0.010862155,0.360118866,-0.004978437,0.360118866,-0.004730005,0.360118866,-0.005889201
3.750000238,-0.010843081,1.25,-0.001358986,-0.150117874,0.009599009,-0.150117874,0.010699553,0.350118637,-0.005034227,0.350118637,-0.004744787,0.350118637,-0.00590446
3.900000095,-0.011023326,1.300000072,-0.001263618,-0.140117645,0.009463587,-0.140117645,0.01052598,0.340196609,-0.005020399,0.340196609,-0.004756708,0.340196609,-0.005944037
4.050000191,-0.011091037,1.350000024,-0.001215935,-0.130117416,0.009311948,-0.130117416,0.01035718,0.330196381,-0.005083818,0.330196381,-0.004796762,0.330196381,-0.00600698
4.200000286,-0.01113729,1.399999976,-0.001327991,-0.120117188,0.00914887,-0.120117188,0.010185041,0.320196152,-0.005085726,0.320196152,-0.004808207,0.320196152,-0.006029391
4.350000381,-0.011143966,1.450000048,-0.001261234,-0.110117912,0.009012971,-0.110117912,0.010036268,0.310196877,-0.005132456,0.310196877,-0.004846354,0.310196877,-0.006066108
4.5,-0.011153979,1.5,-0.001213551,-0.100117683,0.008883271,-0.100117683,0.009867468,0.300196648,-0.005132456,0.300196648,-0.004888792,0.300196648,-0.006095195
4.650000095,-0.011141581,1.550000072,-0.001218319,-0.090117455,0.008772168,-0.090117455,0.009715357,0.290196419,-0.005160112,0.290196419,-0.00493886,0.290196419,-0.006125712
4.800000191,-0.008662496,1.600000024,-0.001089573,-0.080117226,0.008636747,-0.080117226,0.00958375,0.28019619,-0.005195875,0.28019619,-0.004945059,0.28019619,-0.006187701
4.950000286,-0.003473534,1.649999976,-0.001060252,-0.070116997,0.008549962,-0.070116997,0.009433069,0.270195961,-0.005231161,0.270195961,-0.004960318,0.270195961,-0.006200099
5.100000381,-0.000874763,1.700000048,-0.000955825,-0.060195923,0.008451734,-0.060195923,0.009283815,0.260196686,-0.005294104,0.260196686,-0.005017538,0.260196686,-0.006253505
5.25,-0.000892882,1.75,-0.000270727,-0.050195694,0.008356843,-0.050195694,0.009129319,0.250196457,-0.005327005,0.250196457,-0.005052824,0.250196457,-0.006271624
5.400000095,-0.000841384,1.800000072,0.000468016,-0.040195465,0.008293424,-0.040195465,0.009010587,0.240196228,-0.005377073,0.240196228,-0.005069513,0.240196228,-0.006355071
5.550000191,-0.000808482,1.850000024,0.000465155,-0.030195236,0.008206163,-0.030195236,0.008874211,0.230195999,-0.005450506,0.230195999,-0.005119104,0.230195999,-0.006399894
5.700000286,-0.000780349,1.899999976,0.000453234,-0.020195007,0.008146558,-0.020195007,0.008770261,0.22019577,-0.005462904,0.22019577,-0.005152483,0.22019577,-0.006447101
5.850000381,-0.000748878,1.950000048,0.000450373,-0.010195732,0.008099823,-0.010195732,0.008657251,0.210196495,-0.0054877,0.210196495,-0.005187292,0.210196495,-0.006466174
6,-0.000724559,2,0.00046952,-0.000195503,0.008055954,-0.000195503,0.008568082,0.200274467,-0.005547781,0.200274467,-0.005248327,0.200274467,-0.00653913
6.150000095,-0.00069118,2.049999952,-0.00081828,0.009804726,0.008009224,0.009804726,0.008475099,0.190274239,-0.005585451,0.190274239,-0.005280752,0.190274239,-0.006583953
6.300000191,-0.000666862,2.100000143,-0.018863987,0.019804955,0.007984906,0.019804955,0.008387838,0.18027401,-0.005652213,0.18027401,-0.005319853,0.18027401,-0.006672168
6.450000286,-0.000641589,2.150000095,-0.072154844,0.029805183,0.007968693,0.029805183,0.008336339,0.170273781,-0.005705619,0.170273781,-0.005407591,0.170273781,-0.006694579
6.600000381,-0.000617266,2.200000048,-0.125146389,0.039804459,0.007963925,0.039804459,0.008259568,0.160274506,-0.005788588,0.160274506,-0.005467672,0.160274506,-0.006765628
6.750000477,-0.000595331,2.25,-0.143790722,0.049804688,0.007936268,0.049804688,0.008204732,0.150274277,-0.00588491,0.150274277,-0.005522032,0.150274277,-0.006863379
6.900000095,-0.000560522,2.299999952,-0.152421474,0.059804916,0.007913857,0.059804916,0.008154664,0.140274048,-0.005938315,0.140274048,-0.005595465,0.140274048,-0.006926327
7.050000191,-0.000539541,2.350000143,-0.157809734,0.069805145,0.007892399,0.069805145,0.008125577,0.130273819,-0.005994582,0.130273819,-0.005638862,0.130273819,-0.007033615
7.200000286,-0.000522852,2.400000095,-0.163722515,0.079805374,0.007883339,0.079805374,0.008078366,0.12027359,-0.006087088,0.12027359,-0.005736613,0.12027359,-0.007122783
7.350000381,-0.000500917,2.450000048,-0.164962292,0.089727402,0.007874756,0.089727402,0.008023052,0.110274315,-0.006176734,0.110274315,-0.005806231,0.110274315,-0.007185726
7.500000477,-0.000481367,2.5,-0.163484097,0.099726677,0.007852345,0.099726677,0.007985382,0.100274086,-0.00629642,0.100274086,-0.005893493,0.100274086,-0.007301597
7.650000095,-0.000467062,2.549999952,-0.16148138,0.109726906,0.007832318,0.109726906,0.007946282,0.090273857,-0.00637176,0.090273857,-0.005990767,0.090273857,-0.007386951
7.800000191,-0.00045085,2.600000143,-0.162101269,0.119727135,0.007822781,0.119727135,0.007910042,0.080273628,-0.006504321,0.080273628,-0.00608995,0.080273628,-0.007470398
7.950000286,-0.000436544,2.650000095,-0.156426907,0.129727364,0.00783041,0.129727364,0.007893353,0.070273399,-0.006611133,0.070273399,-0.006211066,0.070273399,-0.007602482
8.100000381,-0.00048852,2.700000048,-0.155330181,0.139727592,0.007841854,0.139727592,0.007869034,0.060274124,-0.006736064,0.060274124,-0.006319785,0.060274124,-0.007727413
8.25,-0.000503302,2.75,-0.17111361,0.149726868,0.007834702,0.149726868,0.007820874,0.050352097,-0.00686624,0.050352097,-0.006443286,0.050352097,-0.007881432
8.400000572,-0.000122428,2.799999952,-0.189853668,0.159727097,0.007828503,0.159727097,0.007795601,0.040351868,-0.007007389,0.040351868,-0.00656631,0.040351868,-0.008020668
8.550000191,0.000248194,2.850000143,-0.182843685,0.169727325,0.007837086,0.169727325,0.007759361,0.030351639,-0.007118969,0.030351639,-0.006706023,0.030351639,-0.008173261
8.700000763,-0.004941512,2.900000095,-0.180602551,0.179727554,0.007818966,0.179727554,0.007739334,0.02035141,-0.007284431,0.02035141,-0.006891517,0.02035141,-0.008281503
8.850000381,-0.009529867,2.950000048,-0.175500393,0.189727783,0.007816582,0.189727783,0.007723121,0.010351181,-0.007392196,0.010351181,-0.00701025,0.010351181,-0.008457456
9,-0.010361948,3,-0.170636654,0.199727058,0.007832794,0.199727058,0.00769928,0.000351906,-0.007610588,0.000351906,-0.007165699,0.000351906,-0.008622441
9.150000572,-0.010625644,3.049999952,-0.154042721,0.209727287,0.007821827,0.209727287,0.007689266,-0.009648323,-0.007787018,-0.009648323,-0.007341652,-0.009648323,-0.008787427
9.300000191,-0.010769648,3.100000143,-0.036740303,0.219727516,0.007843285,0.219727516,0.007684974,-0.019648552,-0.00797966,-0.019648552,-0.007543354,-0.019648552,-0.008991513
9.450000763,-0.010860248,3.150000095,-1.736862183,0.229649544,0.007863789,0.229649544,0.00767353,-0.029648781,-0.008153234,-0.029648781,-0.007723121,-0.029648781,-0.009174619
9.600000381,-0.009393969,3.200000048,-8.699212074,0.239649773,0.007865696,0.239649773,0.007657318,-0.03964901,-0.008350644,-0.03964901,-0.007917671,-0.03964901,-0.009431639
9.75,-0.005034944,3.25,-5.519390106,0.249649048,0.007876663,0.249649048,0.007650165,-0.049648285,-0.0085533,-0.049648285,-0.00811842,-0.049648285,-0.009639063
9.900000572,0.000590563,3.299999952,0.021457672,0.259649277,0.007894306,0.259649277,0.007655887,-0.059648514,-0.008751187,-0.059648514,-0.008322034,-0.059648514,-0.009849348
10.05000019,-0.000476122,3.350000143,0.016689301,0.269649506,0.007910042,0.269649506,0.007642059,-0.069648743,-0.008960042,-0.069648743,-0.008549962,-0.069648743,-0.01005868
10.20000076,-0.00044322,3.400000095,0.016689301,0.279649734,0.007942467,0.279649734,0.00763443,-0.079648972,-0.00921372,-0.079648972,-0.008778844,-0.079648972,-0.010328569
10.35000038,-0.000428438,3.450000048,0.016689301,0.289649963,0.007972031,0.289649963,0.007642059,-0.089570999,-0.009428778,-0.089570999,-0.00900105,-0.089570999,-0.010544577
10.5,-0.000407457,3.5,0.016689301,0.299649239,0.007990151,0.299649239,0.007637291,-0.099570274,-0.009683409,-0.099570274,-0.009248529,-0.099570274,-0.010789676
10.65000057,-0.000392675,3.549999952,0.00166893,0.309649467,0.008042126,0.309649467,0.007648735,-0.109570503,-0.00993804,-0.109570503,-0.009526053,-0.109570503,-0.011098189
10.80000019,-0.000375032,3.600000143,0.00166893,0.319649696,0.008076458,0.319649696,0.007653026,-0.119570732,-0.010219851,-0.119570732,-0.009788313,-0.119570732,-0.011395736
10.95000076,-0.000364065,3.650000095,0.00166893,0.329649925,0.008104115,0.329649925,0.007688312,-0.129570961,-0.010475435,-0.129570961,-0.010029116,-0.129570961,-0.011679454
11.10000038,-0.000349283,3.700000048,0.00166893,0.339650154,0.008146081,0.339650154,0.007689743,-0.13957119,-0.010749144,-0.13957119,-0.010288515,-0.13957119,-0.011987495
11.25,-0.000347376,3.75,0.00166893,0.349649429,0.008196626,0.349649429,0.007719307,-0.149570465,-0.011030955,-0.149570465,-0.010546007,-0.149570465,-0.012233543
11.40000057,-0.00033021,3.799999952,0.000309944,0.359649658,0.008250508,0.359649658,0.007749824,-0.159570694,-0.011303706,-0.159570694,-0.010850234,-0.159570694,-0.012536812
11.55000019,-0.000321627,3.850000143,7.15E-05,0.369571686,0.008306298,0.369571686,0.007771759,-0.169570923,-0.011588855,-0.169570923,-0.011124415,-0.169570923,-0.012842464
11.70000076,-0.000310659,3.900000095,7.15E-05,0.379571915,0.008349691,0.379571915,0.007785587,-0.179571152,-0.01190834,-0.179571152,-0.01140861,-0.179571152,-0.013128571
11.85000038,-0.000305414,3.950000048,7.15E-05,0.389572144,0.008396897,0.389572144,0.007816105,-0.189571381,-0.01223259,-0.189571381,-0.011743827,-0.189571381,-0.013439946
12,-0.000293493,4,7.15E-05,0.399571419,0.008459363,0.399571419,0.007852822,-0.199570656,-0.012509155,-0.199570656,-0.012024212,-0.199570656,-0.013738446
12.15000057,-0.000290632,4.050000191,-6.91E-05,0.409571648,0.008515153,0.409571648,0.007890015,-0.209570885,-0.012838173,-0.209570885,-0.012299347,-0.209570885,-0.014083676
12.30000019,-0.000281096,4.099999905,-5.48E-05,0.419571877,0.00858191,0.419571877,0.007926731,-0.219571114,-0.013144784,-0.219571114,-0.012648392,-0.219571114,-0.014373116
12.45000076,-0.000277281,4.150000095,-0.000121593,0.429572105,0.008660112,0.429572105,0.00797823,-0.229493141,-0.013446145,-0.229493141,-0.01293354,-0.229493141,-0.014691171
12.60000038,-0.000271559,4.200000286,-0.000121593,0.439572334,0.008742128,0.439572334,0.008036404,-0.23949337,-0.013737492,-0.23949337,-0.013204388,-0.23949337,-0.014986333
12.75000095,-0.000267744,4.25,-0.000121593,0.449571609,0.00881556,0.449571609,0.008077889,-0.249492645,-0.014053635,-0.249492645,-0.013489537,-0.249492645,-0.015267667
12.90000057,-0.000263929,4.300000191,-0.000124693,0.459571838,0.008908544,0.459571838,0.008150849,-0.259492874,-0.014365487,-0.259492874,-0.013804726,-0.259492874,-0.015569982
13.05000019,-0.000263453,4.349999905,-0.000127494,0.469572067,0.009010587,0.469572067,0.008193288,-0.269493103,-0.014673528,-0.269493103,-0.014105611,-0.269493103,-0.015816988
13.20000076,-0.000258207,4.400000095,-0.000115141,0.479572296,0.009122167,0.479572296,0.00829104,-0.279493332,-0.01494008,-0.279493332,-0.014411268,-0.279493332,-0.016144099
13.35000038,-0.0002563,4.450000286,-0.000106096,0.489572525,0.009248052,0.489572525,0.008379731,-0.289493561,-0.015268621,-0.289493561,-0.014746961,-0.289493561,-0.016431632
13.50000095,-0.000257254,4.5,-0.000102282,0.4995718,0.009378233,0.4995718,0.0084689,-0.299492836,-0.015632452,-0.299492836,-0.015079317,-0.299492836,-0.016737284
13.65000057,-0.000251532,4.550000191,-0.000117064,0.509493828,0.009537497,0.509493828,0.008581433,-0.309493065,-0.015915694,-0.309493065,-0.015423116,-0.309493065,-0.017052956
13.80000019,-0.000251532,4.599999905,-0.004205003,0.519494057,0.009694853,0.519494057,0.008686814,-0.319493294,-0.016176047,-0.319493294,-0.015664401,-0.319493294,-0.017330952
13.95000076,-0.000253916,4.650000095,-0.04269376,0.529494286,0.009876051,0.529494286,0.008820329,-0.329493523,-0.016485514,-0.329493523,-0.015995802,-0.329493523,-0.017576046
14.10000038,-0.000253439,4.700000286,-0.024580956,0.539494514,0.010085382,0.539494514,0.008964811,-0.339493752,-0.016798796,-0.339493752,-0.016235651,-0.339493752,-0.017871208
14.25000095,-0.000255346,4.75,0.005412102,0.549494743,0.010280409,0.549494743,0.009126935,-0.349493027,-0.017094441,-0.349493027,-0.016521754,-0.349493027,-0.018110104
14.40000057,-0.000258207,4.800000191,0.020956993,0.559494019,0.010513105,0.559494019,0.00930861,-0.359493256,-0.017383881,-0.359493256,-0.016829314,-0.359493256,-0.018399071
14.55000019,-0.000259638,4.849999905,0.035691261,0.569494247,0.010760112,0.569494247,0.009502211,-0.369415283,-0.017730542,-0.369415283,-0.017134495,-0.369415283,-0.018674206
14.70000076,-0.000262499,4.900000095,0.046753883,0.579494476,0.01102571,0.579494476,0.009718695,-0.379415512,-0.018076725,-0.379415512,-0.017404385,-0.379415512,-0.018970322
14.85000038,-0.00026536,4.950000286,0.054430962,0.589494705,0.011299891,0.589494705,0.009963789,-0.389415741,-0.018428635,-0.389415741,-0.017760105,-0.389415741,-0.019306015
15.00000095,-0.000267267,5,0.068736553,0.599494934,0.011594577,0.599494934,0.01022891,-0.39941597,-0.018768143,-0.39941597,-0.018069573,-0.39941597,-0.019698458
15.15000057,-0.000265837,5.050000191,0.075841427,,,,,-0.409415245,-0.019193005,,,,
15.30000019,-0.000266314,5.099999905,0.083518505,,,,,-0.419415474,-0.019592123,,,,
15.45000076,-0.000261068,5.150000095,0.089812756,,,,,-0.429415703,-0.020028906,,,,
15.60000038,-0.000264406,5.200000286,0.095725536,,,,,-0.439415932,-0.020610647,,,,
15.75000095,-0.000261545,5.25,0.099635601,,,,,-0.449416161,-0.021208605,,,,
15.90000057,-0.00025773,5.300000191,0.108838558,,,,,-0.459415436,-0.021944847,,,,
16.05000114,-0.000252962,5.349999905,0.116086483,,,,,-0.469415665,-0.022805538,,,,
16.20000076,-0.000248194,5.400000095,0.120473385,,,,,-0.479415894,-0.023807377,,,,
16.35000038,-0.000237226,5.450000286,0.128531933,,,,,-0.489416122,-0.025016641,,,,
16.5,-0.00022769,5.5,0.135255337,,,,,-0.499416351,-0.026422838,,,,
16.65000153,-0.000219107,5.550000191,0.140834332,,,,,-0.509415627,-0.028063642,,,,
16.80000114,-0.000203371,5.599999905,0.154614925,,,,,-0.519337654,-0.030029172,,,,
16.95000076,-0.000189066,5.650000095,0.364758015,,,,,-0.529337883,-0.032272223,,,,
17.10000038,-0.000176668,5.700000286,-2.441582441,,,,,-0.539338112,-0.034850493,,,,
17.25,-0.000156641,5.75,-6.454730034,,,,,-0.549338341,-0.037742995,,,,
17.40000153,-0.000139952,5.800000191,-3.836154938,,,,,-0.559337616,-0.040954508,,,,
17.55000114,-0.0001266,5.849999905,0.021457672,,,,,-0.569337845,-0.044346742,,,,
17.70000076,-0.000113249,5.900000095,0.021457672,,,,,-0.579338074,-0.048144281,,,,
17.85000038,-0.000103712,5.950000286,0.021457672,,,,,-0.589338303,-0.052063655,,,,
18,-9.70E-05,6,0.021457672,,,,,-0.599338531,-0.056064319,,,,
18.15000153,-8.80E-05,6.050000191,0.003099442,,,,,,,,,,
18.30000114,-8.51E-05,6.099999905,0.003099442,,,,,,,,,,
18.45000076,-8.13E-05,6.150000095,0.003099442,,,,,,,,,,
18.60000038,-7.80E-05,6.200000286,0.003099442,,,,,,,,,,
18.75,-7.61E-05,6.25,0.003099442,,,,,,,,,,
18.90000153,-7.51E-05,6.300000191,0.001645088,,,,,,,,,,
19.05000114,-7.18E-05,6.349999905,0.00140667,,,,,,,,,,
19.20000076,-7.13E-05,6.400000095,0.00140667,,,,,,,,,,
19.35000038,-6.89E-05,6.450000286,0.001358986,,,,,,,,,,
19.5,-1.26E-05,6.5,0.001358986,,,,,,,,,,
19.65000153,8.82E-06,6.550000191,0.001189709,,,,,,,,,,
19.80000114,-0.000480413,6.599999905,0.000808239,,,,,,,,,,
19.95000076,-0.000369787,6.650000095,0.000727177,,,,,,,,,,
20.10000038,0.001199369,6.700000286,0.000650883,,,,,,,,,,
20.25,0.001753573,6.75,0.000598431,,,,,,,,,,
20.40000153,0.003894105,6.800000191,0.000113487,,,,,,,,,,
20.55000114,0.004711409,6.849999905,-0.000393629,,,,,,,,,,
20.70000076,0.005249758,6.900000095,-0.000401735,,,,,,,,,,
20.85000038,0.003548398,6.950000286,-0.000408888,,,,,,,,,,
21,-0.01374846,7,-0.000408888,,,,,,,,,,
21.15000153,-0.010951323,7.050000191,0.004067222,,,,,,,,,,
21.30000114,0.000134706,7.099999905,0.022584286,,,,,,,,,,
21.45000076,0.000137091,7.150000095,0.2669321,,,,,,,,,,
21.60000038,0.0001719,7.200000286,0.477864265,,,,,,,,,,
21.75,0.00019908,7.25,0.442006111,,,,,,,,,,
21.90000153,0.00021863,7.300000191,0.415827274,,,,,,,,,,
22.05000114,0.000239134,7.349999905,0.396849155,,,,,,,,,,
22.20000076,0.000268698,7.400000095,0.381828785,,,,,,,,,,
22.35000038,0.000285387,7.450000286,0.380064487,,,,,,,,,,
22.5,0.000302076,7.5,0.370575428,,,,,,,,,,
22.65000153,0.000326872,7.550000191,0.36251688,,,,,,,,,,
22.80000114,0.000333548,7.599999905,0.354887486,,,,,,,,,,
22.95000076,0.000354528,7.650000095,0.348927021,,,,,,,,,,
23.10000038,0.000371218,7.700000286,0.345684528,,,,,,,,,,
23.25,0.000375986,7.75,0.355960369,,,,,,,,,,
23.40000153,0.000386477,7.800000191,0.36752367,,,,,,,,,,
23.55000114,0.00039649,7.849999905,0.361706257,,,,,,,,,,
23.70000076,0.000402689,7.900000095,0.365330219,,,,,,,,,,
23.85000038,0.000419855,7.950000286,0.366379261,,,,,,,,,,
24,0.000430822,8,0.371958256,,,,,,,,,,
24.15000153,0.000437021,8.050000191,0.451161385,,,,,,,,,,
24.30000114,0.000442266,8.100000381,2.910744667,,,,,,,,,,
24.45000076,0.000455141,8.150000572,10.11780739,,,,,,,,,,
24.60000038,0.000458002,8.199999809,7.765340805,,,,,,,,,,
24.75000191,0.000469923,8.25,0.021457672,,,,,,,,,,
24.90000153,0.000473738,8.300000191,0.021457672,,,,,,,,,,
25.05000114,0.000476122,8.350000381,0.021457672,,,,,,,,,,
25.20000076,0.000485182,8.400000572,0.021457672,,,,,,,,,,
25.35000038,0.000497103,8.449999809,0.021457672,,,,,,,,,,
25.50000191,0.000495672,8.5,0.003099442,,,,,,,,,,
25.65000153,0.000502825,8.550000191,0.003099442,,,,,,,,,,
25.80000114,0.000506163,8.600000381,0.003099442,,,,,,,,,,
25.95000076,0.000506639,8.650000572,0.003099442,,,,,,,,,,
26.10000038,0.000506163,8.699999809,0.003099442,,,,,,,,,,
26.25000191,0.000506163,8.75,0.001454353,,,,,,,,,,
26.40000153,0.000489473,8.800000191,0.001454353,,,,,,,,,,
26.55000114,0.000485182,8.850000381,0.001454353,,,,,,,,,,
26.70000076,0.000468016,8.900000572,0.00140667,,,,,,,,,,
26.85000038,0.000453711,8.949999809,0.00140667,,,,,,,,,,
27.00000191,0.000438929,9,0.001223087,,,,,,,,,,
27.15000153,0.000427485,9.050000191,0.001199245,,,,,,,,,,
27.30000114,0.000408411,9.100000381,0.001165867,,,,,,,,,,
27.45000076,0.000400782,9.150000572,0.001146793,,,,,,,,,,
27.60000038,0.000386477,9.199999809,0.001137257,,,,,,,,,,
27.75000191,0.000376463,9.25,0.001072173,,,,,,,,,,
27.90000153,0.000366449,9.300000191,0.00105453,,,,,,,,,,
28.05000114,0.000358343,9.350000381,0.000860934,,,,,,,,,,
28.20000076,0.000344992,9.400000572,0.000814204,,,,,,,,,,
28.35000038,0.000335455,9.449999809,0.000784163,,,,,,,,,,
28.50000191,0.000321627,9.5,0.000751262,,,,,,,,,,
28.65000153,0.000309229,9.550000191,0.000725513,,,,,,,,,,
28.80000114,0.000295877,9.600000381,0.000701671,,,,,,,,,,
28.95000076,0.00028491,9.650000572,0.000876193,,,,,,,,,,
29.10000038,0.000270128,9.699999809,0.001170878,,,,,,,,,,
29.25000191,0.000262499,9.75,0.000906711,,,,,,,,,,
29.40000153,0.000248194,9.800000191,0.000832801,,,,,,,,,,
29.55000114,0.000232458,9.850000381,0.000792747,,,,,,,,,,
29.70000076,0.000223398,9.900000572,0.001765616,,,,,,,,,,
29.85000038,0.000220537,9.949999809,0.020123797,,,,,,,,,,
30.00000191,0.000221491,10,0.156911045,,,,,,,,,,
30.15000153,0.000207186,10.05000019,0.180221081,,,,,,,,,,
30.30000114,0.000178099,10.10000038,0.181270123,,,,,,,,,,
30.45000076,0.000151396,10.15000057,0.183129787,,,,,,,,,,
30.60000038,0.000154734,10.19999981,0.184512615,,,,,,,,,,
30.75000191,0.000172853,10.25,0.182605267,,,,,,,,,,
30.90000153,0.000193834,10.30000019,0.184417248,,,,,,,,,,
31.05000114,0.000221491,10.35000038,0.185418606,,,,,,,,,,
31.20000076,0.00033021,10.40000057,0.185227871,,,,,,,,,,
31.35000038,0.000356913,10.44999981,0.183368206,,,,,,,,,,
31.50000191,0.000394106,10.5,0.183749676,,,,,,,,,,
31.65000153,0.000356436,10.55000019,0.182891369,,,,,,,,,,
31.80000114,0.000348806,10.60000038,0.183368206,,,,,,,,,,
31.95000076,0.000350237,10.65000057,0.197280169,,,,,,,,,,
32.10000229,0.000346422,10.69999981,0.21374321,,,,,,,,,,
32.25,0.0003407,10.75,0.209117889,,,,,,,,,,
32.40000153,0.000332594,10.80000019,0.212789536,,,,,,,,,,
32.55000305,0.000313997,10.85000038,0.211454391,,,,,,,,,,
32.70000076,0.000299692,10.90000057,0.217224121,,,,,,,,,,
32.85000229,0.000282526,10.94999981,0.242830276,,,,,,,,,,
33,0.000267744,11,0.990609169,,,,,,,,,,
33.15000153,0.000251055,11.05000019,0.186801434,,,,,,,,,,
33.30000305,0.000252962,11.10000038,-0.615214229,,,,,,,,,,
33.45000076,0.000227213,11.15000057,-0.096374363,,,,,,,,,,
33.60000229,0.000187159,11.19999981,0.021457672,,,,,,,,,,
33.75,0.000139475,11.25,0.021457672,,,,,,,,,,
33.90000153,0.000114202,11.30000019,0.021457672,,,,,,,,,,
34.05000305,6.32E-05,11.35000038,0.021457672,,,,,,,,,,
34.20000076,1.60E-05,11.40000057,0.003099442,,,,,,,,,,
34.35000229,-1.67E-06,11.44999981,0.003099442,,,,,,,,,,
34.5,-4.05E-06,11.5,0.003099442,,,,,,,,,,
34.65000153,-9.30E-06,11.55000019,0.003099442,,,,,,,,,,
34.80000305,-3.84E-05,11.60000038,0.003099442,,,,,,,,,,
34.95000076,-5.89E-05,11.65000057,0.00244379,,,,,,,,,,
35.10000229,-7.08E-05,11.69999981,0.001883507,,,,,,,,,,
35.25,-8.08E-05,11.75,0.001692772,,,,,,,,,,
35.40000153,-8.51E-05,11.80000019,0.001597404,,,,,,,,,,
35.55000305,-8.75E-05,11.85000038,0.001502037,,,,,,,,,,
35.70000076,-8.80E-05,11.90000057,0.001294613,,,,,,,,,,
35.85000229,-8.99E-05,11.94999981,-0.000140667,,,,,,,,,,
36,-9.18E-05,12,-0.000321865,,,,,,,,,,
36.15000153,-9.32E-05,12.05000019,-0.000340939,,,,,,,,,,
36.30000305,-9.32E-05,12.10000038,-0.000340939,,,,,,,,,,
36.45000076,-9.32E-05,12.15000057,0.058666211,,,,,,,,,,
36.60000229,-9.32E-05,12.19999981,0.37591362,,,,,,,,,,
36.75,-9.27E-05,12.25,0.739839554,,,,,,,,,,
36.90000153,-9.27E-05,12.30000019,0.626494884,,,,,,,,,,
37.05000305,-9.27E-05,12.35000038,0.547148705,,,,,,,,,,
37.20000076,-9.27E-05,12.40000057,0.503804207,,,,,,,,,,
37.35000229,-9.23E-05,12.44999981,0.467707634,,,,,,,,,,
37.5,-9.18E-05,12.5,0.436474323,,,,,,,,,,
37.65000153,-9.08E-05,12.55000019,0.409962177,,,,,,,,,,
37.80000305,-9.08E-05,12.60000038,0.393129826,,,,,,,,,,
37.95000076,-9.08E-05,12.65000057,0.379635334,,,,,,,,,,
38.10000229,-9.08E-05,12.69999981,0.366713047,,,,,,,,,,
38.25,-9.08E-05,12.75,0.355412006,,,,,,,,,,
38.40000153,-9.07E-05,12.80000019,0.346256733,,,,,,,,,,
38.55000305,-9.04E-05,12.85000038,0.341869831,,,,,,,,,,
38.70000076,-9.08E-05,12.90000057,0.331951618,,,,,,,,,,
38.85000229,-9.04E-05,12.94999981,0.326515675,,,,,,,,,,
39,-9.04E-05,13,0.352884769,,,,,,,,,,
39.15000153,-9.08E-05,13.05000019,0.355745792,,,,,,,,,,
39.30000305,-9.08E-05,13.10000038,0.348974705,,,,,,,,,,
39.45000076,-9.08E-05,13.15000057,0.349308491,,,,,,,,,,
39.60000229,-9.13E-05,13.19999981,0.350739002,,,,,,,,,,
39.75,-9.13E-05,13.25,0.374294758,,,,,,,,,,
39.90000153,-9.23E-05,13.30000019,1.197605133,,,,,,,,,,
40.05000305,-9.23E-05,13.35000038,1.942809105,,,,,,,,,,
40.20000076,-9.27E-05,13.40000057,0.795832396,,,,,,,,,,
40.35000229,-9.32E-05,13.44999981,0.021457672,,,,,,,,,,
40.5,-9.37E-05,13.5,0.021457672,,,,,,,,,,
40.65000153,-9.37E-05,13.55000019,0.021457672,,,,,,,,,,
40.80000305,-9.51E-05,13.60000038,0.021457672,,,,,,,,,,
40.95000076,-9.61E-05,13.65000057,0.021457672,,,,,,,,,,
41.10000229,-9.66E-05,13.69999981,0.002622604,,,,,,,,,,
41.25,-9.70E-05,13.75,0.002622604,,,,,,,,,,
41.40000153,-9.80E-05,13.80000019,0.002622604,,,,,,,,,,
41.55000305,-9.80E-05,13.85000038,0.002622604,,,,,,,,,,
41.70000076,-9.89E-05,13.90000057,0.002622604,,,,,,,,,,
41.85000229,-9.99E-05,13.94999981,0.0010252,,,,,,,,,,
42,-0.000100374,14,0.000834465,,,,,,,,,,
42.15000153,-0.000100851,14.05000019,0.000834465,,,,,,,,,,
42.30000305,-0.000101805,14.10000038,0.000786781,,,,,,,,,,
42.45000076,-0.000102282,14.15000057,0.000786781,,,,,,,,,,
42.60000229,-0.000103235,14.19999981,0.000598431,,,,,,,,,,
42.75,-0.000104189,14.25,0.000565052,,,,,,,,,,
42.90000153,-0.000105143,14.30000019,0.000474453,,,,,,,,,,
43.05000305,-0.000106096,14.35000038,0.000460148,,,,,,,,,,
43.20000076,-0.000106573,14.40000057,0.000441074,,,,,,,,,,
43.35000229,-0.000107527,14.44999981,0.000362635,,,,,,,,,,
43.5,-0.00010848,14.5,-5.25E-05,,,,,,,,,,
43.65000153,-0.000109434,14.55000019,-0.000522852,,,,,,,,,,
43.80000305,-0.000110865,14.60000038,-0.000490904,,,,,,,,,,
43.95000076,-0.000110865,14.65000057,-0.000478029,,,,,,,,,,
44.10000229,-0.000111341,14.69999981,-0.000478029,,,,,,,,,,
44.25,-0.000112295,14.75,-0.00625,,,,,,,,,,
44.40000153,-0.000113249,14.80000019,-0.019271683,,,,,,,,,,
44.55000305,-0.000111341,14.85000038,-0.038775677,,,,,,,,,,
44.70000076,-0.000112295,14.90000057,-0.072706036,,,,,,,,,,
44.85000229,-0.000113249,14.94999981,-0.05687499,,,,,,,,,,
45,-0.000114679,15,-0.046327304,,,,,,,,,,
45.15000153,-0.00011611,15.05000019,-0.028460121,,,,,,,,,,
45.30000305,-0.00011754,15.10000038,-0.021689033,,,,,,,,,,
45.45000076,-0.000118971,15.15000057,-0.0168777,,,,,,,,,,
45.60000229,-0.000120401,15.19999981,-0.010564375,,,,,,,,,,
45.75,-0.000121355,15.25,-0.005624294,,,,,,,,,,
45.90000153,-0.000122309,15.30000019,0.000517368,,,,,,,,,,
46.05000305,-0.000123262,15.35000038,0.003731251,,,,,,,,,,
46.20000076,-0.000122309,15.40000057,0.006759215,,,,,,,,,,
46.35000229,4.08E-05,15.44999981,0.008657026,,,,,,,,,,
46.5,0.000543833,15.5,0.010664511,,,,,,,,,,
46.65000153,0.004990358,15.55000019,0.013444471,,,,,,,,,,
46.80000305,0.009765425,15.60000038,0.020120239,,,,,,,,,,
46.95000076,0.009611406,15.65000057,0.02421627,,,,,,,,,,
47.10000229,0.005076904,15.69999981,0.026276207,,,,,,,,,,
47.25,0.000448942,15.75,0.029285049,,,,,,,,,,
47.40000153,0.000481844,15.80000019,0.033457424,,,,,,,,,,
47.55000305,0.000534773,15.85000038,0.0994853,,,,,,,,,,
47.70000076,0.000586271,15.90000057,0.217340857,,,,,,,,,,
47.85000229,0.000637298,15.94999981,0.609614849,,,,,,,,,,
48,0.00069118,16,0.218659855,,,,,,,,,,
48.15000153,0.000730758,16.05000114,0.026226044,,,,,,,,,,
48.30000305,0.000753646,16.10000038,0.021457672,,,,,,,,,,
48.45000076,0.000715022,16.14999962,0.021457672,,,,,,,,,,
48.60000229,0.000720267,16.20000076,0.021457672,,,,,,,,,,
48.75000381,0.000720267,16.25,0.021457672,,,,,,,,,,
48.90000153,0.000766997,16.30000114,0.002622604,,,,,,,,,,
49.05000305,0.000789886,16.35000038,0.002622604,,,,,,,,,,
49.20000076,-0.000467539,16.39999962,0.002622604,,,,,,,,,,
49.35000229,0.005540632,16.45000076,0.002622604,,,,,,,,,,
49.50000381,0.011205478,16.5,0.002622604,,,,,,,,,,
49.65000153,0.010634704,16.55000114,0.001263618,,,,,,,,,,
49.80000305,0.010355749,16.60000038,0.001120567,,,,,,,,,,
49.95000076,0.005546232,16.64999962,0.001072884,,,,,,,,,,
50.10000229,0.000581026,16.70000076,0.0010252,,,,,,,,,,
50.25000381,0.000613451,16.75,0.0010252,,,,,,,,,,
50.40000153,0.000648265,16.80000114,0.000836849,,,,,,,,,,
50.55000305,0.000661139,16.85000038,0.000813007,,,,,,,,,,
50.70000076,0.000645404,16.89999962,0.000784397,,,,,,,,,,
50.85000229,0.005950713,16.95000076,0.000751019,,,,,,,,,,
51.00000381,0.011896896,17,0.000579357,,,,,,,,,,
51.15000153,0.010599413,17.05000114,0.000451326,,,,,,,,,,
51.30000305,0.010205069,17.10000038,0.000408888,,,,,,,,,,
51.45000076,0.009948053,17.14999962,0.000365019,,,,,,,,,,
51.60000229,0.009892263,17.20000076,-0.000537157,,,,,,,,,,
51.75000381,0.009934225,17.25,-0.000628715,,,,,,,,,,
51.90000153,0.005827689,17.30000114,-0.000520468,,,,,,,,,,
52.05000305,0.00076509,17.35000038,-0.000483751,,,,,,,,,,
52.20000076,0.000772719,17.39999962,-0.000478983,,,,,,,,,,
52.35000229,0.000761752,17.45000076,-0.00048089,,,,,,,,,,
52.50000381,0.000748401,17.5,-0.002612625,,,,,,,,,,
52.65000153,-0.000650649,17.55000114,0.010736747,,,,,,,,,,
52.80000305,0.004210965,17.60000038,-0.022347068,,,,,,,,,,
52.95000076,0.008051663,17.64999962,0.003488064,,,,,,,,,,
53.10000229,0.008694444,17.70000076,0.018971061,,,,,,,,,,
53.25000381,0.00899056,17.75,0.029833412,,,,,,,,,,
53.40000153,0.009217534,17.80000114,0.038402226,,,,,,,,,,
53.55000305,0.009341512,17.85000038,0.044138622,,,,,,,,,,
53.70000076,0.009479799,17.89999962,0.052006435,,,,,,,,,,
53.85000229,0.005059263,17.95000076,0.054934215,,,,,,,,,,
54.00000381,0.0007093,18,0.060417891,,,,,,,,,,
54.15000153,0.000706439,18.05000114,0.062430143,,,,,,,,,,
54.30000305,0.000710731,18.10000038,0.065248251,,,,,,,,,,
54.45000076,0.000703101,18.14999962,0.068552732,,,,,,,,,,
54.60000229,0.000688796,18.20000076,0.070240788,,,,,,,,,,
54.75000381,0.000685458,18.25,0.072453313,,,,,,,,,,
54.90000153,0.00059104,18.30000114,0.074622922,,,,,,,,,,
55.05000305,-0.000561476,18.35000038,0.083787777,,,,,,,,,,
55.20000076,-0.000522852,18.39999962,0.083763935,,,,,,,,,,
55.35000229,0.004311338,18.45000076,0.087941028,,,,,,,,,,
55.50000381,0.008007794,18.5,0.090711452,,,,,,,,,,
55.65000153,0.008681092,18.55000114,0.09512224,,,,,,,,,,
55.80000305,0.008861337,18.60000038,0.123494148,,,,,,,,,,
55.95000076,0.008968148,18.64999962,1.168183804,,,,,,,,,,
56.10000229,0.009025369,18.70000076,-0.316740513,,,,,,,,,,
56.25000381,0.009022031,18.75,-0.038670778,,,,,,,,,,
56.40000153,0.009086404,18.80000114,-0.078123987,,,,,,,,,,
56.55000305,0.004604714,18.85000038,0.021457672,,,,,,,,,,
56.70000076,0.000154734,18.89999962,0.021457672,,,,,,,,,,
56.85000229,0.000155687,18.95000076,0.016689301,,,,,,,,,,
57.00000381,0.000176191,19,0.010848045,,,,,,,,,,
57.15000153,0.000178099,19.05000114,0.002622604,,,,,,,,,,
57.30000305,0.000112295,19.10000038,0.002622604,,,,,,,,,,
57.45000076,0.000141382,19.14999962,0.002622604,,,,,,,,,,
57.60000229,-0.000408411,19.20000076,0.002622604,,,,,,,,,,
57.75000381,0.004520315,19.25,0.002622604,,,,,,,,,,
57.90000153,0.00991086,19.30000114,0.001263618,,,,,,,,,,
58.05000305,0.008437429,19.35000038,0.0010252,,,,,,,,,,
58.20000076,0.007563858,19.39999962,0.0010252,,,,,,,,,,
58.35000229,0.007087021,19.45000076,0.000977516,,,,,,,,,,
58.50000381,0.006827617,19.5,0.000977516,,,,,,,,,,
58.65000153,0.006465697,19.55000114,0.000793934,,,,,,,,,,
58.80000305,0.006294036,19.60000038,0.00077486,,,,,,,,,,
58.95000076,0.005694652,19.64999962,0.000560284,,,,,,,,,,
59.10000229,0.004166856,19.70000076,0.000536442,,,,,,,,,,
59.25000381,0.000233889,19.75,0.000503063,,,,,,,,,,
59.40000153,0.000237226,19.80000114,0.000431299,,,,,,,,,,
59.55000305,0.000225306,19.85000038,0.000391722,,,,,,,,,,
59.70000076,0.00021863,19.89999962,-0.000354052,,,,,,,,,,
59.85000229,4.55E-05,19.95000076,-0.000417948,,,,,,,,,,
60.00000381,3.17E-05,20,-0.000419855,,,,,,,,,,
,,20.05000114,-0.000412226,,,,,,,,,,
,,20.10000038,-0.000414133,,,,,,,,,,
,,20.14999962,0.001092557,,,,,,,,,,
,,20.20000076,0.012509632,,,,,,,,,,
,,20.25,0.027234649,,,,,,,,,,
,,20.30000114,0.044703484,,,,,,,,,,
,,20.35000038,0.056481361,,,,,,,,,,
,,20.39999962,0.06458807,,,,,,,,,,
,,20.45000076,0.072741985,,,,,,,,,,
,,20.5,0.079226971,,,,,,,,,,
,,20.55000114,0.081515789,,,,,,,,,,
,,20.60000038,0.085807323,,,,,,,,,,
,,20.64999962,0.08575964,,,,,,,,,,
,,20.70000076,0.090909481,,,,,,,,,,
,,20.75,0.094295025,,,,,,,,,,
,,20.80000114,0.099146843,,,,,,,,,,
,,20.85000038,0.10411787,,,,,,,,,,
,,20.89999962,0.107264996,,,,,,,,,,
,,20.95000076,0.109410763,,,,,,,,,,
,,21,0.112796307,,,,,,,,,,
,,21.05000114,0.117421627,,,,,,,,,,
,,21.10000038,0.139976025,,,,,,,,,,
,,21.14999962,0.557114601,,,,,,,,,,
,,21.20000076,3.240621567,,,,,,,,,,
,,21.25,27.25254059,,,,,,,,,,
,,21.30000114,34.10591888,,,,,,,,,,
,,21.35000038,0.026226044,,,,,,,,,,
,,21.39999962,0.021457672,,,,,,,,,,
,,21.45000076,0.021457672,,,,,,,,,,
,,21.5,0.021457672,,,,,,,,,,
,,21.55000114,0.021457672,,,,,,,,,,
,,21.60000038,0.002145767,,,,,,,,,,
,,21.64999962,0.002145767,,,,,,,,,,
,,21.70000076,0.002145767,,,,,,,,,,
,,21.75,0.00166893,,,,,,,,,,
,,21.80000114,0.00166893,,,,,,,,,,
,,21.85000038,0.000357628,,,,,,,,,,
,,21.89999962,0.000166893,,,,,,,,,,
,,21.95000076,0.000166893,,,,,,,,,,
,,22,0.000166893,,,,,,,,,,
,,22.05000114,0.000166893,,,,,,,,,,
,,22.10000038,-2.62E-05,,,,,,,,,,
,,22.14999962,-3.10E-05,,,,,,,,,,
,,22.20000076,-3.10E-05,,,,,,,,,,
,,22.25,-0.00013113,,,,,,,,,,
,,22.30000114,-0.00013113,,,,,,,,,,
,,22.35000038,-0.000157595,,,,,,,,,,
,,22.39999962,-0.000158548,,,,,,,,,,
,,22.45000076,-0.00016284,,,,,,,,,,
,,22.5,-0.00028801,,,,,,,,,,
,,22.55000114,-0.000428438,,,,,,,,,,
,,22.60000038,-0.000402212,,,,,,,,,,
,,22.64999962,-0.000392675,,,,,,,,,,
,,22.70000076,-0.000393629,,,,,,,,,,
,,22.75,-0.00625,,,,,,,,,,
,,22.80000114,-0.037997629,,,,,,,,,,
,,22.85000038,-0.121524811,,,,,,,,,,
,,22.89999962,-0.090339519,,,,,,,,,,
,,22.95000076,-0.071323209,,,,,,,,,,
,,23,-0.058062315,,,,,,,,,,
,,23.05000114,-0.050480556,,,,,,,,,,
,,23.10000038,-0.042479184,,,,,,,,,,
,,23.14999962,-0.036432888,,,,,,,,,,
,,23.20000076,-0.029871559,,,,,,,,,,
,,23.25,-0.027344322,,,,,,,,,,
,,23.30000114,-0.021445846,,,,,,,,,,
,,23.35000038,-0.017893363,,,,,,,,,,
,,23.39999962,-0.014030981,,,,,,,,,,
,,23.45000076,-0.008456754,,,,,,,,,,
,,23.5,-0.007598448,,,,,,,,,,
,,23.55000114,-0.00534296,,,,,,,,,,
,,23.60000038,-0.00159502,,,,,,,,,,
,,23.64999962,0.000169277,,,,,,,,,,
,,23.70000076,0.004370213,,,,,,,,,,
,,23.75,0.04809637,,,,,,,,,,
,,23.80000114,0.09714403,,,,,,,,,,
,,23.85000038,-1.903660297,,,,,,,,,,
,,23.89999962,-7.996349335,,,,,,,,,,
,,23.95000076,-11.19856834,,,,,,,,,,
,,24,0.021457672,,,,,,,,,,
,,24.05000114,0.021457672,,,,,,,,,,
,,24.10000038,0.021457672,,,,,,,,,,
,,24.14999962,0.021457672,,,,,,,,,,
,,24.20000076,0.003099442,,,,,,,,,,
,,24.25,0.003099442,,,,,,,,,,
,,24.30000114,0.003099442,,,,,,,,,,
,,24.35000038,0.003099442,,,,,,,,,,
,,24.39999962,0.003099442,,,,,,,,,,
,,24.45000076,0.001692772,,,,,,,,,,
,,24.5,0.001454353,,,,,,,,,,
,,24.55000114,0.00140667,,,,,,,,,,
,,24.60000038,0.001358986,,,,,,,,,,
,,24.64999962,0.001358986,,,,,,,,,,
,,24.70000076,0.001170635,,,,,,,,,,
,,24.75,0.001146793,,,,,,,,,,
,,24.80000114,0.001118183,,,,,,,,,,
,,24.85000038,0.00109911,,,,,,,,,,
,,24.89999962,0.000860691,,,,,,,,,,
,,24.95000076,0.000688319,,,,,,,,,,
,,25,0.000606775,,,,,,,,,,
,,25.05000114,0.000554323,,,,,,,,,,
,,25.10000038,0.000509977,,,,,,,,,,
,,25.14999962,-0.000230551,,,,,,,,,,
,,25.20000076,-0.000299692,,,,,,,,,,
,,25.25,-0.000309229,,,,,,,,,,
,,25.30000114,-0.000311613,,,,,,,,,,
,,25.35000038,-0.000309706,,,,,,,,,,
,,25.39999962,0.005362602,,,,,,,,,,
,,25.45000076,0.024192667,,,,,,,,,,
,,25.5,0.245641232,,,,,,,,,,
,,25.55000114,0.496890068,,,,,,,,,,
,,25.60000038,0.438668251,,,,,,,,,,
,,25.64999962,0.406672001,,,,,,,,,,
,,25.70000076,0.385786533,,,,,,,,,,
,,25.75,0.373531818,,,,,,,,,,
,,25.80000114,0.35751009,,,,,,,,,,
,,25.85000038,0.348640919,,,,,,,,,,
,,25.89999962,0.339247227,,,,,,,,,,
,,25.95000076,0.329233646,,,,,,,,,,
,,26,0.330330372,,,,,,,,,,
,,26.05000114,0.32055521,,,,,,,,,,
,,26.10000038,0.336052418,,,,,,,,,,
,,26.14999962,0.322844028,,,,,,,,,,
,,26.20000076,0.322510242,,,,,,,,,,
,,26.25,0.317837238,,,,,,,,,,
,,26.30000114,0.322271824,,,,,,,,,,
,,26.35000038,0.340916157,,,,,,,,,,
,,26.39999962,0.777318954,,,,,,,,,,
,,26.45000076,-2.156480312,,,,,,,,,,
,,26.5,-5.8562994,,,,,,,,,,
,,26.55000114,-1.992466092,,,,,,,,,,
,,26.60000038,0.021457672,,,,,,,,,,
,,26.64999962,0.021457672,,,,,,,,,,
,,26.70000076,0.021457672,,,,,,,,,,
,,26.75,0.021457672,,,,,,,,,,
,,26.80000114,0.021457672,,,,,,,,,,
,,26.85000038,0.003099442,,,,,,,,,,
,,26.89999962,0.003099442,,,,,,,,,,
,,26.95000076,0.003099442,,,,,,,,,,
,,27,0.003099442,,,,,,,,,,
,,27.05000114,0.003099442,,,,,,,,,,
,,27.10000038,0.001645088,,,,,,,,,,
,,27.14999962,0.001358986,,,,,,,,,,
,,27.20000076,0.001358986,,,,,,,,,,
,,27.25,0.001311302,,,,,,,,,,
,,27.30000114,0.001311302,,,,,,,,,,
,,27.35000038,0.001094341,,,,,,,,,,
,,27.39999962,0.001060963,,,,,,,,,,
,,27.45000076,0.001041889,,,,,,,,,,
,,27.5,0.001013279,,,,,,,,,,
,,27.55000114,0.000998974,,,,,,,,,,
,,27.60000038,0.000898128,,,,,,,,,,
,,27.64999962,0.000877147,,,,,,,,,,
,,27.70000076,0.00064445,,,,,,,,,,
,,27.75,0.000610113,,,,,,,,,,
,,27.80000114,0.000555754,,,,,,,,,,
,,27.85000038,0.00051713,,,,,,,,,,
,,27.89999962,0.000484705,,,,,,,,,,
,,27.95000076,0.000449896,,,,,,,,,,
,,28,-0.000271559,,,,,,,,,,
,,28.05000114,-0.000275373,,,,,,,,,,
,,28.10000038,-0.000280619,,,,,,,,,,
,,28.14999962,-0.000282049,,,,,,,,,,
,,28.20000076,-0.000274897,,,,,,,,,,
,,28.25,0.004134933,,,,,,,,,,
,,28.30000114,0.020484762,,,,,,,,,,
,,28.35000038,0.22310105,,,,,,,,,,
,,28.39999962,0.46508503,,,,,,,,,,
,,28.45000076,0.428177357,,,,,,,,,,
,,28.5,0.397278309,,,,,,,,,,
,,28.55000114,0.367952824,,,,,,,,,,
,,28.60000038,0.348164082,,,,,,,,,,
,,28.64999962,0.336100101,,,,,,,,,,
,,28.70000076,0.326658726,,,,,,,,,,
,,28.75,0.31759882,,,,,,,,,,
,,28.80000114,0.314642429,,,,,,,,,,
,,28.85000038,0.303007126,,,,,,,,,,
,,28.89999962,0.297237396,,,,,,,,,,
,,28.95000076,0.290943146,,,,,,,,,,
,,29,0.290466309,,,,,,,,,,
,,29.05000114,0.289512634,,,,,,,,,,
,,29.10000038,0.326086521,,,,,,,,,,
,,29.14999962,-5.311092734,,,,,,,,,,
,,29.20000076,-10.09396553,,,,,,,,,,
,,29.25,-11.76600456,,,,,,,,,,
,,29.30000114,-7.693815231,,,,,,,,,,
,,29.35000038,0.021457672,,,,,,,,,,
,,29.39999962,0.021457672,,,,,,,,,,
,,29.45000076,0.016689301,,,,,,,,,,
,,29.5,0.016689301,,,,,,,,,,
,,29.55000114,0.002622604,,,,,,,,,,
,,29.60000038,0.002622604,,,,,,,,,,
,,29.64999962,0.002622604,,,,,,,,,,
,,29.70000076,0.002622604,,,,,,,,,,
,,29.75,0.002622604,,,,,,,,,,
,,29.80000114,0.001311302,,,,,,,,,,
,,29.85000038,0.0010252,,,,,,,,,,
,,29.89999962,0.000977516,,,,,,,,,,
,,29.95000076,0.000929832,,,,,,,,,,
,,30,0.000596046,,,,,,,,,,
,,30.05000114,0.000369549,,,,,,,,,,
,,30.10000038,0.000388622,,,,,,,,,,
,,30.14999962,0.000369549,,,,,,,,,,
,,30.20000076,0.000345707,,,,,,,,,,
,,30.25,-0.000150204,,,,,,,,,,
,,30.30000114,-0.000178576,,,,,,,,,,
,,30.35000038,-0.000186682,,,,,,,,,,
,,30.39999962,-0.000182867,,,,,,,,,,
,,30.45000076,0.020087557,,,,,,,,,,
,,30.5,0.167964131,,,,,,,,,,
,,30.55000114,0.286270142,,,,,,,,,,
,,30.60000038,0.249458313,,,,,,,,,,
,,30.64999962,0.230718613,,,,,,,,,,
,,30.70000076,0.218797684,,,,,,,,,,
,,30.75,0.205875397,,,,,,,,,,
,,30.80000114,0.202299118,,,,,,,,,,
,,30.85000038,0.194526672,,,,,,,,,,
,,30.89999962,0.186896801,,,,,,,,,,
,,30.95000076,0.18470335,,,,,,,,,,
,,31,0.178885937,,,,,,,,,,
,,31.05000114,0.17559576,,,,,,,,,,
,,31.10000038,0.172496319,,,,,,,,,,
,,31.14999962,0.174212933,,,,,,,,,,
,,31.20000076,0.160098553,,,,,,,,,,
,,31.25,0.163054943,,,,,,,,,,
,,31.30000114,0.158048153,,,,,,,,,,
,,31.35000038,0.160432339,,,,,,,,,,
,,31.39999962,0.160003185,,,,,,,,,,
,,31.45000076,0.257564545,,,,,,,,,,
,,31.5,-2.793532252,,,,,,,,,,
,,31.55000114,-5.953097343,,,,,,,,,,
,,31.60000038,-5.638599396,,,,,,,,,,
,,31.64999962,-2.888387442,,,,,,,,,,
,,31.70000076,0.021457672,,,,,,,,,,
,,31.75,0.016689301,,,,,,,,,,
,,31.80000114,0.016689301,,,,,,,,,,
,,31.85000038,0.016689301,,,,,,,,,,
,,31.89999962,0.002145767,,,,,,,,,,
,,31.95000076,0.002145767,,,,,,,,,,
,,32,0.002145767,,,,,,,,,,
,,32.04999924,0.002145767,,,,,,,,,,
,,32.10000229,0.002145767,,,,,,,,,,
,,32.15000153,0.000834465,,,,,,,,,,
,,32.20000076,0.000500679,,,,,,,,,,
,,32.25,0.000452995,,,,,,,,,,
,,32.29999924,0.000452995,,,,,,,,,,
,,32.35000229,0.000405312,,,,,,,,,,
,,32.40000153,0.000226498,,,,,,,,,,
,,32.45000076,0.000197887,,,,,,,,,,
,,32.5,-2.62E-05,,,,,,,,,,
,,32.54999924,-7.39E-05,,,,,,,,,,
,,32.60000229,-2.15E-05,,,,,,,,,,
,,32.65000153,-7.80E-05,,,,,,,,,,
,,32.70000076,-8.94E-05,,,,,,,,,,
,,32.75,-0.000150919,,,,,,,,,,
,,32.79999924,-0.000234365,,,,,,,,,,
,,32.85000229,-0.000128508,,,,,,,,,,
,,32.90000153,-0.000112772,,,,,,,,,,
,,32.95000076,-0.000106573,,,,,,,,,,
,,33,-0.001725084,,,,,,,,,,
,,33.04999924,-0.002734909,,,,,,,,,,
,,33.10000229,-0.022977982,,,,,,,,,,
,,33.15000153,-0.050806999,,,,,,,,,,
,,33.20000076,-0.036644936,,,,,,,,,,
,,33.25,-0.027775764,,,,,,,,,,
,,33.29999924,-0.020098686,,,,,,,,,,
,,33.35000229,-0.016570091,,,,,,,,,,
,,33.40000153,-0.010180473,,,,,,,,,,
,,33.45000076,-0.007843971,,,,,,,,,,
,,33.5,-0.002646446,,,,,,,,,,
,,33.54999924,-0.000691414,,,,,,,,,,
,,33.60000229,0.002646446,,,,,,,,,,
,,33.65000153,0.00231266,,,,,,,,,,
,,33.70000076,0.004315376,,,,,,,,,,
,,33.75,0.00641346,,,,,,,,,,
,,33.79999924,0.002646446,,,,,,,,,,
,,33.85000229,-0.000977516,,,,,,,,,,
,,33.90000153,0.000834465,,,,,,,,,,
,,33.95000076,0.002074242,,,,,,,,,,
,,34,0.002360344,,,,,,,,,,
,,34.04999924,0.004220009,,,,,,,,,,
,,34.10000229,0.020289421,,,,,,,,,,
,,34.15000153,0.299907684,,,,,,,,,,
,,34.20000076,-2.775035858,,,,,,,,,,
,,34.25,-13.60922337,,,,,,,,,,
,,34.29999924,-9.372282028,,,,,,,,,,
,,34.35000229,0.021457672,,,,,,,,,,
,,34.40000153,0.021457672,,,,,,,,,,
,,34.45000076,0.016689301,,,,,,,,,,
,,34.5,0.010609627,,,,,,,,,,
,,34.54999924,0.002145767,,,,,,,,,,
,,34.60000229,0.002145767,,,,,,,,,,
,,34.65000153,0.002145767,,,,,,,,,,
,,34.70000076,0.002145767,,,,,,,,,,
,,34.75,0.002145767,,,,,,,,,,
,,34.79999924,0.000786781,,,,,,,,,,
,,34.85000229,0.000405312,,,,,,,,,,
,,34.90000153,0.000357628,,,,,,,,,,
,,34.95000076,0.000357628,,,,,,,,,,
,,35,0.000309944,,,,,,,,,,
,,35.04999924,0.00013113,,,,,,,,,,
,,35.10000229,0.000107288,,,,,,,,,,
,,35.15000153,8.82E-05,,,,,,,,,,
,,35.20000076,7.87E-05,,,,,,,,,,
,,35.25,-9.78E-05,,,,,,,,,,
,,35.29999924,-0.00015378,,,,,,,,,,
,,35.35000229,-0.000154257,,,,,,,,,,
,,35.40000153,-0.000146627,,,,,,,,,,
,,35.45000076,-0.000139952,,,,,,,,,,
,,35.5,-3.28E-05,,,,,,,,,,
,,35.54999924,5.84E-05,,,,,,,,,,
,,35.60000229,9.70E-05,,,,,,,,,,
,,35.65000153,9.51E-05,,,,,,,,,,
,,35.70000076,9.51E-05,,,,,,,,,,
,,35.75,0.000194765,,,,,,,,,,
,,35.79999924,-0.00086892,,,,,,,,,,
,,35.85000229,-0.008546147,,,,,,,,,,
,,35.90000153,0.002930164,,,,,,,,,,
,,35.95000076,0.01433163,,,,,,,,,,
,,36,0.037550926,,,,,,,,,,
,,36.04999924,0.025391579,,,,,,,,,,
,,36.10000229,0.021958351,,,,,,,,,,
,,36.15000153,0.013566017,,,,,,,,,,
,,36.20000076,0.011515617,,,,,,,,,,
,,36.25,0.007843971,,,,,,,,,,
,,36.29999924,0.003743172,,,,,,,,,,
,,36.35000229,0.000452995,,,,,,,,,,
,,36.40000153,-0.00140667,,,,,,,,,,
,,36.45000076,-0.003790855,,,,,,,,,,
,,36.5,-0.006365776,,,,,,,,,,
,,36.54999924,-0.005412102,,,,,,,,,,
,,36.60000229,-0.027966499,,,,,,,,,,
,,36.65000153,-0.032877922,,,,,,,,,,
,,36.70000076,-0.036168098,,,,,,,,,,
,,36.75,-0.033974648,,,,,,,,,,
,,36.79999924,-0.035977364,,,,,,,,,,
,,36.85000229,-0.032067299,,,,,,,,,,
,,36.90000153,0.041747093,,,,,,,,,,
,,36.95000076,-0.077986717,,,,,,,,,,
,,37,0.027894974,,,,,,,,,,
,,37.04999924,0.126361847,,,,,,,,,,
,,37.10000229,0.021457672,,,,,,,,,,
,,37.15000153,0.021457672,,,,,,,,,,
,,37.20000076,0.021457672,,,,,,,,,,
,,37.25,0.021457672,,,,,,,,,,
,,37.29999924,0.016689301,,,,,,,,,,
,,37.35000229,0.00166893,,,,,,,,,,
,,37.40000153,0.00166893,,,,,,,,,,
,,37.45000076,0.00166893,,,,,,,,,,
,,37.5,0.00166893,,,,,,,,,,
,,37.54999924,0.00166893,,,,,,,,,,
,,37.60000229,0.000119209,,,,,,,,,,
,,37.65000153,7.15E-05,,,,,,,,,,
,,37.70000076,7.15E-05,,,,,,,,,,
,,37.75,7.15E-05,,,,,,,,,,
,,37.79999924,7.15E-05,,,,,,,,,,
,,37.85000229,-1.19E-06,,,,,,,,,,
,,37.90000153,-7.39E-05,,,,,,,,,,
,,37.95000076,-7.39E-05,,,,,,,,,,
,,38,-7.39E-05,,,,,,,,,,
,,38.04999924,-7.87E-05,,,,,,,,,,
,,38.10000229,-8.23E-05,,,,,,,,,,
,,38.15000153,-7.89E-05,,,,,,,,,,
,,38.20000076,-7.70E-05,,,,,,,,,,
,,38.25,-7.46E-05,,,,,,,,,,
,,38.29999924,-4.17E-05,,,,,,,,,,
,,38.35000229,7.65E-05,,,,,,,,,,
,,38.40000153,0.000114679,,,,,,,,,,
,,38.45000076,0.00011754,,,,,,,,,,
,,38.5,0.000121355,,,,,,,,,,
,,38.54999924,-0.005443093,,,,,,,,,,
,,38.60000229,-0.015478906,,,,,,,,,,
,,38.65000153,-0.064369264,,,,,,,,,,
,,38.70000076,-0.125639915,,,,,,,,,,
,,38.75,-0.110915139,,,,,,,,,,
,,38.79999924,-0.098684214,,,,,,,,,,
,,38.85000229,-0.091464855,,,,,,,,,,
,,38.90000153,-0.084126331,,,,,,,,,,
,,38.95000076,-0.079334073,,,,,,,,,,
,,39,-0.075414471,,,,,,,,,,
,,39.04999924,-0.070660405,,,,,,,,,,
,,39.10000229,-0.065944433,,,,,,,,,,
,,39.15000153,-0.062010527,,,,,,,,,,
,,39.20000076,-0.059235334,,,,,,,,,,
,,39.25,-0.055062961,,,,,,,,,,
,,39.29999924,-0.054218959,,,,,,,,,,
,,39.35000229,-0.051706027,,,,,,,,,,
,,39.40000153,-0.049431514,,,,,,,,,,
,,39.45000076,-0.054319095,,,,,,,,,,
,,39.5,-0.053298663,,,,,,,,,,
,,39.54999924,-0.051806163,,,,,,,,,,
,,39.60000229,-0.049598407,,,,,,,,,,
,,39.65000153,-0.047614764,,,,,,,,,,
,,39.70000076,-0.035526898,,,,,,,,,,
,,39.75,-0.0954751,,,,,,,,,,
,,39.79999924,-0.592830181,,,,,,,,,,
,,39.85000229,-0.171003437,,,,,,,,,,
,,39.90000153,0.002145767,,,,,,,,,,
,,39.95000076,0.002145767,,,,,,,,,,
,,40,0.00166893,,,,,,,,,,
,,40.04999924,0.00166893,,,,,,,,,,
,,40.10000229,0.00166893,,,,,,,,,,
,,40.15000153,0.000214577,,,,,,,,,,
,,40.20000076,7.15E-05,,,,,,,,,,
,,40.25,7.15E-05,,,,,,,,,,
,,40.29999924,7.15E-05,,,,,,,,,,
,,40.35000229,7.15E-05,,,,,,,,,,
,,40.40000153,-9.30E-05,,,,,,,,,,
,,40.45000076,-9.30E-05,,,,,,,,,,
,,40.5,-9.30E-05,,,,,,,,,,
,,40.54999924,-9.30E-05,,,,,,,,,,
,,40.60000229,-0.00010252,,,,,,,,,,
,,40.65000153,-0.00011754,,,,,,,,,,
,,40.70000076,-0.000106096,,,,,,,,,,
,,40.75,-0.000101328,,,,,,,,,,
,,40.79999924,-9.85E-05,,,,,,,,,,
,,40.85000229,-5.41E-05,,,,,,,,,,
,,40.90000153,4.36E-05,,,,,,,,,,
,,40.95000076,6.08E-05,,,,,,,,,,
,,41,6.03E-05,,,,,,,,,,
,,41.04999924,-0.024008125,,,,,,,,,,
,,41.10000229,-0.076404117,,,,,,,,,,
,,41.15000153,-0.154424191,,,,,,,,,,
,,41.20000076,-0.127244473,,,,,,,,,,
,,41.25,-0.108075619,,,,,,,,,,
,,41.29999924,-0.093818188,,,,,,,,,,
,,41.35000229,-0.082850933,,,,,,,,,,
,,41.40000153,-0.074553967,,,,,,,,,,
,,41.45000076,-0.066543102,,,,,,,,,,
,,41.5,-0.059962273,,,,,,,,,,
,,41.54999924,-0.056385994,,,,,,,,,,
,,41.60000229,-0.052030277,,,,,,,,,,
,,41.65000153,-0.049741458,,,,,,,,,,
,,41.70000076,-0.044572543,,,,,,,,,,
,,41.75,-0.042417195,,,,,,,,,,
,,41.79999924,-0.042033352,,,,,,,,,,
,,41.85000229,-0.042107251,,,,,,,,,,
,,41.90000153,-0.039036419,,,,,,,,,,
,,41.95000076,-0.036733296,,,,,,,,,,
,,42,-0.034310963,,,,,,,,,,
,,42.04999924,-0.029599762,,,,,,,,,,
,,42.10000229,-0.024101829,,,,,,,,,,
,,42.15000153,0.009224462,,,,,,,,,,
,,42.20000076,-1.566297054,,,,,,,,,,
,,42.25,12.0141983,,,,,,,,,,
,,42.29999924,19.45266724,,,,,,,,,,
,,42.35000229,0.932216644,,,,,,,,,,
,,42.40000153,0.021457672,,,,,,,,,,
,,42.45000076,0.021457672,,,,,,,,,,
,,42.5,0.021457672,,,,,,,,,,
,,42.54999924,0.021457672,,,,,,,,,,
,,42.60000229,0.00166893,,,,,,,,,,
,,42.65000153,0.00166893,,,,,,,,,,
,,42.70000076,0.00166893,,,,,,,,,,
,,42.75,0.00166893,,,,,,,,,,
,,42.79999924,0.00166893,,,,,,,,,,
,,42.85000229,0.000119209,,,,,,,,,,
,,42.90000153,7.15E-05,,,,,,,,,,
,,42.95000076,7.15E-05,,,,,,,,,,
,,43,7.15E-05,,,,,,,,,,
,,43.04999924,7.15E-05,,,,,,,,,,
,,43.10000229,-9.78E-05,,,,,,,,,,
,,43.15000153,-9.78E-05,,,,,,,,,,
,,43.20000076,-9.78E-05,,,,,,,,,,
,,43.25,-9.30E-05,,,,,,,,,,
,,43.29999924,-9.30E-05,,,,,,,,,,
,,43.35000229,-9.67E-05,,,,,,,,,,
,,43.40000153,-0.000100851,,,,,,,,,,
,,43.45000076,-9.99E-05,,,,,,,,,,
,,43.5,-9.94E-05,,,,,,,,,,
,,43.54999924,-9.85E-05,,,,,,,,,,
,,43.60000229,-0.000102282,,,,,,,,,,
,,43.65000153,-9.38E-05,,,,,,,,,,
,,43.70000076,-9.85E-05,,,,,,,,,,
,,43.75,-7.61E-05,,,,,,,,,,
,,43.79999924,-6.84E-05,,,,,,,,,,
,,43.85000229,-6.79E-05,,,,,,,,,,
,,43.90000153,-0.00625,,,,,,,,,,
,,43.95000076,-0.033690341,,,,,,,,,,
,,44,-0.067785116,,,,,,,,,,
,,44.04999924,-0.125468254,,,,,,,,,,
,,44.10000229,-0.105731867,,,,,,,,,,
,,44.15000153,-0.090911724,,,,,,,,,,
,,44.20000076,-0.081909038,,,,,,,,,,
,,44.25,-0.073521428,,,,,,,,,,
,,44.29999924,-0.066101789,,,,,,,,,,
,,44.35000229,-0.060723066,,,,,,,,,,
,,44.40000153,-0.054934215,,,,,,,,,,
,,44.45000076,-0.050571155,,,,,,,,,,
,,44.5,-0.04680891,,,,,,,,,,
,,44.54999924,-0.043723729,,,,,,,,,,
,,44.60000229,-0.044071864,,,,,,,,,,
,,44.65000153,-0.039637234,,,,,,,,,,
,,44.70000076,-0.035903599,,,,,,,,,,
,,44.75,-0.030510521,,,,,,,,,,
,,44.79999924,-0.034864094,,,,,,,,,,
,,44.85000229,-0.031364109,,,,,,,,,,
,,44.90000153,-0.029275512,,,,,,,,,,
,,44.95000076,-0.026142692,,,,,,,,,,
,,45,-0.024211502,,,,,,,,,,
,,45.04999924,-0.011498976,,,,,,,,,,
,,45.10000229,0.035364773,,,,,,,,,,
,,45.15000153,3.242767334,,,,,,,,,,
,,45.20000076,0.832646049,,,,,,,,,,
,,45.25,0.030994415,,,,,,,,,,
,,45.29999924,0.021457672,,,,,,,,,,
,,45.35000229,0.021457672,,,,,,,,,,
,,45.40000153,0.021457672,,,,,,,,,,
,,45.45000076,0.021457672,,,,,,,,,,
,,45.5,0.00166893,,,,,,,,,,
,,45.54999924,0.00166893,,,,,,,,,,
,,45.60000229,0.00166893,,,,,,,,,,
,,45.65000153,0.00166893,,,,,,,,,,
,,45.70000076,0.00166893,,,,,,,,,,
,,45.75,0.000870228,,,,,,,,,,
,,45.79999924,7.15E-05,,,,,,,,,,
,,45.85000229,7.15E-05,,,,,,,,,,
,,45.90000153,7.15E-05,,,,,,,,,,
,,45.95000076,7.15E-05,,,,,,,,,,
,,46,-1.07E-05,,,,,,,,,,
,,46.04999924,-8.82E-05,,,,,,,,,,
,,46.10000229,-9.78E-05,,,,,,,,,,
,,46.15000153,-0.00010252,,,,,,,,,,
,,46.20000076,-0.00010252,,,,,,,,,,
,,46.25,-0.000103712,,,,,,,,,,
,,46.29999924,-0.000108778,,,,,,,,,,
,,46.35000229,-0.000125647,,,,,,,,,,
,,46.40000153,-0.000103235,,,,,,,,,,
,,46.45000076,-8.94E-05,,,,,,,,,,
,,46.5,-8.89E-05,,,,,,,,,,
,,46.54999924,-0.00625,,,,,,,,,,
,,46.60000229,-0.036209483,,,,,,,,,,
,,46.65000153,-0.0685055,,,,,,,,,,
,,46.70000076,-0.126121521,,,,,,,,,,
,,46.75,-0.105440997,,,,,,,,,,
,,46.79999924,-0.094130419,,,,,,,,,,
,,46.85000229,-0.082190372,,,,,,,,,,
,,46.90000153,-0.074231915,,,,,,,,,,
,,46.95000076,-0.064389944,,,,,,,,,,
,,47,-0.058343649,,,,,,,,,,
,,47.04999924,-0.054671954,,,,,,,,,,
,,47.10000229,-0.048864078,,,,,,,,,,
,,47.15000153,-0.046379756,,,,,,,,,,
,,47.20000076,-0.041911747,,,,,,,,,,
,,47.25,-0.039522793,,,,,,,,,,
,,47.29999924,-0.036890652,,,,,,,,,,
,,47.35000229,-0.033767369,,,,,,,,,,
,,47.40000153,-0.031817105,,,,,,,,,,
,,47.45000076,-0.029418563,,,,,,,,,,
,,47.5,-0.030877685,,,,,,,,,,
,,47.54999924,-0.0294281,,,,,,,,,,
,,47.60000229,-0.028450584,,,,,,,,,,
,,47.65000153,-0.026452636,,,,,,,,,,
,,47.70000076,-0.024378395,,,,,,,,,,
,,47.75,-0.021703338,,,,,,,,,,
,,47.79999924,0.008451986,,,,,,,,,,
,,47.85000229,-0.069673352,,,,,,,,,,
,,47.90000153,-2.3789258,,,,,,,,,,
,,47.95000076,-0.610838486,,,,,,,,,,
,,48,0.002622604,,,,,,,,,,
,,48.04999924,0.002622604,,,,,,,,,,
,,48.10000229,0.002145767,,,,,,,,,,
,,48.15000153,0.002145767,,,,,,,,,,
,,48.20000076,0.002145767,,,,,,,,,,
,,48.25,0.000882149,,,,,,,,,,
,,48.29999924,0.000452995,,,,,,,,,,
,,48.35000229,0.000452995,,,,,,,,,,
,,48.40000153,0.000405312,,,,,,,,,,
,,48.45000076,0.000405312,,,,,,,,,,
,,48.5,0.000216961,,,,,,,,,,
,,48.54999924,0.000197887,,,,,,,,,,
,,48.60000229,0.000169277,,,,,,,,,,
,,48.65000153,0.000154972,,,,,,,,,,
,,48.70000076,0.00013113,,,,,,,,,,
,,48.75,4.98E-05,,,,,,,,,,
,,48.79999924,2.12E-05,,,,,,,,,,
,,48.85000229,-4.91E-05,,,,,,,,,,
,,48.90000153,-0.000133276,,,,,,,,,,
,,48.95000076,-0.00013423,,,,,,,,,,
,,49,-0.000130892,,,,,,,,,,
,,49.04999924,-3.86E-05,,,,,,,,,,
,,49.10000229,-5.68E-05,,,,,,,,,,
,,49.15000153,-4.17E-05,,,,,,,,,,
,,49.20000076,-1.60E-05,,,,,,,,,,
,,49.25,-9.78E-06,,,,,,,,,,
,,49.29999924,0.001192646,,,,,,,,,,
,,49.35000229,-0.006017947,,,,,,,,,,
,,49.40000153,-0.022361374,,,,,,,,,,
,,49.45000076,-0.004267693,,,,,,,,,,
,,49.5,0.004220009,,,,,,,,,,
,,49.54999924,0.011897087,,,,,,,,,,
,,49.60000229,0.013375282,,,,,,,,,,
,,49.65000153,0.015950203,,,,,,,,,,
,,49.70000076,0.020861626,,,,,,,,,,
,,49.75,0.022292137,,,,,,,,,,
,,49.79999924,0.024342537,,,,,,,,,,
,,49.85000229,0.022721291,,,,,,,,,,
,,49.90000153,0.025105476,,,,,,,,,,
,,49.95000076,0.024724007,,,,,,,,,,
,,50,0.026488304,,,,,,,,,,
,,50.04999924,0.026249886,,,,,,,,,,
,,50.10000229,0.020730495,,,,,,,,,,
,,50.15000153,0.015473366,,,,,,,,,,
,,50.20000076,0.014710426,,,,,,,,,,
,,50.25,0.012612343,,,,,,,,,,
,,50.29999924,0.013613701,,,,,,,,,,
,,50.35000229,0.015854836,,,,,,,,,,
,,50.40000153,0.019001961,,,,,,,,,,
,,50.45000076,0.130534649,,,,,,,,,,
,,50.5,-3.028745532,,,,,,,,,,
,,50.54999924,-6.954936981,,,,,,,,,,
,,50.60000229,-5.309581757,,,,,,,,,,
,,50.65000153,-1.738071442,,,,,,,,,,
,,50.70000076,0.016689301,,,,,,,,,,
,,50.75,0.016689301,,,,,,,,,,
,,50.79999924,0.016689301,,,,,,,,,,
,,50.85000229,0.016689301,,,,,,,,,,
,,50.90000153,0.00166893,,,,,,,,,,
,,50.95000076,0.00166893,,,,,,,,,,
,,51,0.00166893,,,,,,,,,,
,,51.04999924,0.00166893,,,,,,,,,,
,,51.10000229,0.00166893,,,,,,,,,,
,,51.15000153,0.000214577,,,,,,,,,,
,,51.20000076,7.15E-05,,,,,,,,,,
,,51.25,7.15E-05,,,,,,,,,,
,,51.29999924,7.15E-05,,,,,,,,,,
,,51.35000229,7.15E-05,,,,,,,,,,
,,51.40000153,-9.30E-05,,,,,,,,,,
,,51.45000076,-9.30E-05,,,,,,,,,,
,,51.5,-0.00010252,,,,,,,,,,
,,51.54999924,-0.00010252,,,,,,,,,,
,,51.60000229,-0.000107288,,,,,,,,,,
,,51.65000153,-0.000120401,,,,,,,,,,
,,51.70000076,-0.00011611,,,,,,,,,,
,,51.75,-6.41E-05,,,,,,,,,,
,,51.79999924,8.75E-05,,,,,,,,,,
,,51.85000229,0.000125647,,,,,,,,,,
,,51.90000153,0.000138998,,,,,,,,,,
,,51.95000076,0.000139952,,,,,,,,,,
,,52,-0.002216515,,,,,,,,,,
,,52.04999924,-0.014394102,,,,,,,,,,
,,52.10000229,-0.074128745,,,,,,,,,,
,,52.15000153,-0.148559093,,,,,,,,,,
,,52.20000076,-0.131345272,,,,,,,,,,
,,52.25,-0.117278576,,,,,,,,,,
,,52.29999924,-0.10693121,,,,,,,,,,
,,52.35000229,-0.101352215,,,,,,,,,,
,,52.40000153,-0.094867229,,,,,,,,,,
,,52.45000076,-0.0911479,,,,,,,,,,
,,52.5,-0.085473537,,,,,,,,,,
,,52.54999924,-0.086141109,,,,,,,,,,
,,52.60000229,-0.082087994,,,,,,,,,,
,,52.65000153,-0.079846859,,,,,,,,,,
,,52.70000076,-0.07793951,,,,,,,,,,
,,52.75,-0.07627058,,,,,,,,,,
,,52.79999924,-0.074124813,,,,,,,,,,
,,52.85000229,-0.080478668,,,,,,,,,,
,,52.90000153,-0.086331844,,,,,,,,,,
,,52.95000076,-0.085187435,,,,,,,,,,
,,53,-0.083041668,,,,,,,,,,
,,53.04999924,-0.083232403,,,,,,,,,,
,,53.10000229,-0.081086636,,,,,,,,,,
,,53.15000153,-0.067258358,,,,,,,,,,
,,53.20000076,0.732019424,,,,,,,,,,
,,53.25,-0.825432301,,,,,,,,,,
,,53.29999924,0.601053238,,,,,,,,,,
,,53.35000229,0.002145767,,,,,,,,,,
,,53.40000153,0.00166893,,,,,,,,,,
,,53.45000076,0.00166893,,,,,,,,,,
,,53.5,0.00166893,,,,,,,,,,
,,53.54999924,0.00166893,,,,,,,,,,
,,53.60000229,7.15E-05,,,,,,,,,,
,,53.65000153,7.15E-05,,,,,,,,,,
,,53.70000076,7.15E-05,,,,,,,,,,
,,53.75,7.15E-05,,,,,,,,,,
,,53.79999924,7.15E-05,,,,,,,,,,
,,53.85000229,2.38E-06,,,,,,,,,,
,,53.90000153,-6.91E-05,,,,,,,,,,
,,53.95000076,-6.44E-05,,,,,,,,,,
,,54,-6.44E-05,,,,,,,,,,
,,54.04999924,-7.52E-05,,,,,,,,,,
,,54.10000229,-8.75E-05,,,,,,,,,,
,,54.15000153,-8.46E-05,,,,,,,,,,
,,54.20000076,-9.42E-05,,,,,,,,,,
,,54.25,-7.61E-05,,,,,,,,,,
,,54.29999924,-6.56E-05,,,,,,,,,,
,,54.35000229,6.95E-05,,,,,,,,,,
,,54.40000153,0.00017333,,,,,,,,,,
,,54.45000076,0.000246286,,,,,,,,,,
,,54.5,0.000273466,,,,,,,,,,
,,54.54999924,0.000282049,,,,,,,,,,
,,54.60000229,0.000282049,,,,,,,,,,
,,54.65000153,-0.003613319,,,,,,,,,,
,,54.70000076,-0.023116438,,,,,,,,,,
,,54.75,-0.092119975,,,,,,,,,,
,,54.79999924,-0.17969656,,,,,,,,,,
,,54.85000229,-0.162053585,,,,,,,,,,
,,54.90000153,-0.1494174,,,,,,,,,,
,,54.95000076,-0.139594555,,,,,,,,,,
,,55,-0.133204937,,,,,,,,,,
,,55.04999924,-0.128198147,,,,,,,,,,
,,55.10000229,-0.123715878,,,,,,,,,,
,,55.15000153,-0.120616436,,,,,,,,,,
,,55.20000076,-0.115132809,,,,,,,,,,
,,55.25,-0.113702297,,,,,,,,,,
,,55.29999924,-0.110173702,,,,,,,,,,
,,55.35000229,-0.107026577,,,,,,,,,,
,,55.40000153,-0.104928493,,,,,,,,,,
,,55.45000076,-0.102878094,,,,,,,,,,
,,55.5,-0.108623981,,,,,,,,,,
,,55.54999924,-0.112939358,,,,,,,,,,
,,55.60000229,-0.113749981,,,,,,,,,,
,,55.65000153,-0.110888958,,,,,,,,,,
,,55.70000076,-0.110173702,,,,,,,,,,
,,55.75,-0.106263638,,,,,,,,,,
,,55.79999924,-0.12605238,,,,,,,,,,
,,55.85000229,-2.471766472,,,,,,,,,,
,,55.90000153,0.05149591,,,,,,,,,,
,,55.95000076,2.782344818,,,,,,,,,,
,,56,0.021457672,,,,,,,,,,
,,56.04999924,0.016689301,,,,,,,,,,
,,56.10000229,0.016689301,,,,,,,,,,
,,56.15000153,0.016689301,,,,,,,,,,
,,56.20000076,0.001192093,,,,,,,,,,
,,56.25,0.001192093,,,,,,,,,,
,,56.29999924,0.001192093,,,,,,,,,,
,,56.35000229,0.001192093,,,,,,,,,,
,,56.40000153,0.001192093,,,,,,,,,,
,,56.45000076,-7.15E-05,,,,,,,,,,
,,56.5,-0.000309944,,,,,,,,,,
,,56.54999924,-0.000309944,,,,,,,,,,
,,56.60000229,-0.000309944,,,,,,,,,,
,,56.65000153,-0.000309944,,,,,,,,,,
,,56.70000076,-0.000445843,,,,,,,,,,
,,56.75,-0.000464916,,,,,,,,,,
,,56.79999924,-0.000445843,,,,,,,,,,
,,56.85000229,-0.000450611,,,,,,,,,,
,,56.90000153,-0.000472426,,,,,,,,,,
,,56.95000076,-0.000503778,,,,,,,,,,
,,57,-0.000489473,,,,,,,,,,
,,57.04999924,-0.000540495,,,,,,,,,,
,,57.10000229,-0.000598192,,,,,,,,,,
,,57.15000153,-0.000570536,,,,,,,,,,
,,57.20000076,-0.000534773,,,,,,,,,,
,,57.25,-0.000507593,,,,,,,,,,
,,57.29999924,-0.000115156,,,,,,,,,,
,,57.35000229,0.000252962,,,,,,,,,,
,,57.40000153,0.000328779,,,,,,,,,,
,,57.45000076,0.00034833,,,,,,,,,,
,,57.5,0.00035882,,,,,,,,,,
,,57.54999924,0.000344038,,,,,,,,,,
,,57.60000229,-0.002522931,,,,,,,,,,
,,57.65000153,-0.024305198,,,,,,,,,,
,,57.70000076,-0.202587411,,,,,,,,,,
,,57.75,-0.214553833,,,,,,,,,,
,,57.79999924,-0.202680588,,,,,,,,,,
,,57.85000229,-0.193763733,,,,,,,,,,
,,57.90000153,-0.187373638,,,,,,,,,,
,,57.95000076,-0.183558941,,,,,,,,,,
,,58,-0.1784091,,,,,,,,,,
,,58.04999924,-0.176597118,,,,,,,,,,
,,58.10000229,-0.169396877,,,,,,,,,,
,,58.15000153,-0.169158459,,,,,,,,,,
,,58.20000076,-0.164676189,,,,,,,,,,
,,58.25,-0.175512314,,,,,,,,,,
,,58.29999924,-0.184751034,,,,,,,,,,
,,58.35000229,-0.183463573,,,,,,,,,,
,,58.40000153,-0.182474136,,,,,,,,,,
,,58.45000076,-0.180840969,,,,,,,,,,
,,58.5,-0.180840969,,,,,,,,,,
,,58.54999924,-0.172877789,,,,,,,,,,
,,58.60000229,-0.242115021,,,,,,,,,,
,,58.65000153,-1.098136425,,,,,,,,,,
,,58.70000076,0.62251091,,,,,,,,,,
,,58.75,-0.118310332,,,,,,,,,,
,,58.79999924,0.001192093,,,,,,,,,,
,,58.85000229,0.001192093,,,,,,,,,,
,,58.90000153,0.001192093,,,,,,,,,,
,,58.95000076,0.001192093,,,,,,,,,,
,,59,0.001192093,,,,,,,,,,
,,59.04999924,-2.38E-05,,,,,,,,,,
,,59.10000229,-0.000309944,,,,,,,,,,
,,59.15000153,-0.000309944,,,,,,,,,,
,,59.20000076,-0.000309944,,,,,,,,,,
,,59.25,-0.000309944,,,,,,,,,,
,,59.29999924,-0.000479221,,,,,,,,,,
,,59.35000229,-0.000469685,,,,,,,,,,
,,59.40000153,-0.000650883,,,,,,,,,,
,,59.45000076,-0.000560284,,,,,,,,,,
,,59.5,-0.000317097,,,,,,,,,,
,,59.54999924,-0.000507116,,,,,,,,,,
,,59.60000229,0.000250101,,,,,,,,,,
,,59.65000153,0.000337839,,,,,,,,,,
,,59.70000076,0.000355005,,,,,,,,,,
,,59.75,-0.042339724,,,,,,,,,,
,,59.79999924,-0.134486238,,,,,,,,,,
,,59.85000229,-0.263095856,,,,,,,,,,
,,59.90000153,-0.23286438,,,,,,,,,,
,,59.95000076,-0.214553833,,,,,,,,,,
,,60,-0.198770523,,,,,,,,,,
﻿,,,,,,,,,,,,,
